<?xml version="1.0" encoding="UTF-8"?>

 <!DOCTYPE hibernate-mapping PUBLIC 
 "-//Hibernate/Hibernate Mapping DTD 3.0//EN" 
 "http://hibernate.sourceforge.net/hibernate-mapping-3.0.dtd">
          
          
      <hibernate-mapping auto-import="false">
 <!--   <class name="Address" table="add1">
   
   <id  name="id" type="int" column="id">
   <generator class ="native"></generator>
   </id>
   <property name="Streetno" column="street"  type="int"></property>
   <property name="city" column="city"  type="string"></property>
   <property name="state" column="state"  type="string"></property>
   </class>
   
   <class name="Customer" table="c1">
   <id  name="id" type="int" column="id">
   <generator class ="native"></generator>
   </id>
   <property name="name" column="cname"  type="string"></property>
   <list name="add" cascade="all">
  
         <key column = "customer_id"/>
         <list-index column = "idx"/>
         <one-to-many class="com.nucleus.Address"/>
      </list>
   </class> -->
    
   <class name="Customer" table="c1">
   <id  name="id" type="int" column="id">
   <generator class ="native"></generator>
   </id>
   <property name="name" column="cname"  type="string"></property>
   </class>
   
   </hibernate-mapping>    