<?xml version='1.0' encoding='UTF-8'?>   
<!DOCTYPE hibernate-configuration PUBLIC   
          "-//Hibernate/Hibernate Configuration DTD 3.0//EN"  
          "http://hibernate.sourceforge.net/hibernate-configuration-3.0.dtd">   
  
<hibernate-configuration>  
  <session-factory>
<property name="hibernate.cache.use_second_level_cache">true</property>
<property name="hibernate.cache.provider_class">org.hibernate.cache.EhCacheProvider</property>
    <property name="hibernate.connection.driver_class">oracle.jdbc.driver.OracleDriver</property>
    <property name="hibernate.connection.url">jdbc:oracle:thin:@10.1.50.198:1521:orcl</property>            
    <property name="connection.username">sh</property>     
    <property name="connection.password">sh</property>
    <property name="hibernate.dialect">org.hibernate.dialect.Oracle10gDialect</property>
     <property name="show_sql">true</property>         
     <property name="hbm2ddl.auto">create</property> 
     <property name="hibernate.cache.use_query_cache">true</property>
         
      <!-- <mapping class="com.nucleus.HBook143"/>  -->
    <!--  <mapping class="com.nucleus.Customer"/> -->
     <!--   <mapping resource="customer.hbm.xml"/>   -->
   <!--  <mapping class="embedablelist.Customer"/>  -->
<!--   <mapping class="Customerhbm.Customer"/>  -->
 <!-- <mapping class="sequenceannotation.Customer"/>  -->
 
 <!-- <mapping class="one_to_one.Customer"/>
  <mapping class="one_to_one.Address"/> -->
  
  
 <!-- <mapping class="one_to_many_bidirectional.Customer"/>
  <mapping class="one_to_many_bidirectional.Loan"/>  -->
  
  
 <!--  <mapping class="many_to_many.Student"/>
  <mapping class="many_to_many.Courses"/> -->
  
  <!-- <mapping class="many_to_many_bidirectional.Student1"/>
  <mapping class="many_to_many_bidirectional.Subjects"/>  -->
  
  <!--  <mapping class="multirelationship.Teacher"/>
  <mapping class="multirelationship.College"/>
   <mapping class="multirelationship.University"/> -->
   
  <!--   <mapping class="list_object_array.Customer"/> -->
  
   <!-- <mapping class="hql_manytomany.Category"/>
     <mapping class="hql_manytomany.Book"/> -->
     
      <!-- <mapping class="manytoone.Role"/>
     <mapping class="manytoone.User"/> 
      -->
     <mapping class="caching.Customer"/>
     <mapping class="caching.Loan"/>  
     
     
   <!--    <mapping class="getloadexception.Customer"/>
     <mapping class="getloadexception.Loan"/>  -->
     
     <!-- <mapping class="caching.Customer"/>
     <mapping class="caching.Loan"/>  -->
     
     
     </session-factory>    
         
</hibernate-configuration>
  