<?xml version="1.0" encoding="UTF-8"?>
<beans xmlns="http://www.springframework.org/schema/beans"
    xmlns:xsi="http://www.w3.org/2001/XMLSchema-instance"
    xmlns:context="http://www.springframework.org/schema/context"   
    xsi:schemaLocation="http://www.springframework.org/schema/beans 
    http://www.springframework.org/schema/beans/spring-beans.xsd      
    http://www.springframework.org/schema/beans
    http://www.springframework.org/schema/beans/spring-beans-3.0.xsd
    http://www.springframework.org/schema/context
    http://www.springframework.org/schema/context/spring-context-3.0.xsd">
    
    
    
  <context:annotation-config></context:annotation-config>
    
     <bean id="sub" class="autoAnnoConstructor.Subject1">
     <constructor-arg value="1" type="int"></constructor-arg>
     <constructor-arg value="java"></constructor-arg>
     </bean>
     
    
  <!--    <bean id="subject" class="autoAnnoConstructor.Subject1">
     <constructor-arg value="2" type="int"></constructor-arg>
     <constructor-arg value="c"></constructor-arg>
     </bean> -->
    
     <bean id="s1" class="autoAnnoConstructor.Student" >
    
     <constructor-arg value="Surbhi" ></constructor-arg>
      <constructor-arg value="101" type="int"/>
     
 <bean id="s1" class="autoAnnoConstructor.Student" >
    
     <constructor-arg value="Surbhi" ></constructor-arg>
      <constructor-arg value="101" type="int"/>
    
     </bean>
     </beans>
     