<?xml version="1.0" encoding="UTF-8"?>
<beans xmlns="http://www.springframework.org/schema/beans"
    xmlns:xsi="http://www.w3.org/2001/XMLSchema-instance"
    xmlns:context="http://www.springframework.org/schema/context"   
    xsi:schemaLocation="http://www.springframework.org/schema/beans 
    http://www.springframework.org/schema/beans/spring-beans.xsd      
    http://www.springframework.org/schema/beans
    http://www.springframework.org/schema/beans/spring-beans-3.0.xsd
    http://www.springframework.org/schema/context
    http://www.springframework.org/schema/context/spring-context-3.0.xsd">
 
 <!-- <bean id="sub1" class="com.nucleus2.Subject1" > 
    <property name="subId" value="1"/>
    <property name="subName" value="Java"/>
     </bean>
   
    -->
     <bean id="s1" class="com.nucleus7.Student" scope="prototype" >  
     <!--   <bean id="s1" class="com.nucleus7.Student" scope="singleton" > -->
         <property name="stdId" value="101"/>
    <property name="stdName" value="shubh"/>
    </bean>
    
     <bean id="s2" class="com.nucleus7.Student" scope="singleton" parent="s1">  
   <!--  <bean id="s2" class="com.nucleus7.Student" scope="prototype"  parent ="s1"> -->
         <property name="stdId" value="102"/>
   
    
    
    </bean>
    </beans>