<?xml version="1.0" encoding="UTF-8"?>
<beans xmlns="http://www.springframework.org/schema/beans"
    xmlns:xsi="http://www.w3.org/2001/XMLSchema-instance"
    xmlns:context="http://www.springframework.org/schema/context"   
    xsi:schemaLocation="http://www.springframework.org/schema/beans 
    http://www.springframework.org/schema/beans/spring-beans.xsd      
    http://www.springframework.org/schema/beans
    http://www.springframework.org/schema/beans/spring-beans-3.0.xsd
    http://www.springframework.org/schema/context
    http://www.springframework.org/schema/context/spring-context-3.0.xsd">
    
     <bean id="sub1" class="com.nucleus6.Subject1">
  <!--   <property name="subId" value="1"/> -->
    <property name="subName" value="Java"/>
     </bean>
   
     <bean id="sub2" class="com.nucleus6.Subject1">
  <!--   <property name="subId" value="2"/> -->
    <property name="subName" value="c++"/>
     </bean>
     
     <bean id="s2" class="com.nucleus6.Student">
         <property name="stdId" value="102"/>
    <property name="stdName" value="shubhi"/>
    <property name="subject">
    <map>
    <entry key="1" value="java">
    </entry>
     <entry key="2" value="c++">
    </entry>
    </map>
    </property>
    </bean>
    </beans>