<?xml version="1.0" encoding="UTF-8"?>
<beans xmlns="http://www.springframework.org/schema/beans"
    xmlns:xsi="http://www.w3.org/2001/XMLSchema-instance"
    xmlns:context="http://www.springframework.org/schema/context"   
    xsi:schemaLocation="http://www.springframework.org/schema/beans 
    http://www.springframework.org/schema/beans/spring-beans.xsd      
    http://www.springframework.org/schema/beans
    http://www.springframework.org/schema/beans/spring-beans-3.0.xsd
    http://www.springframework.org/schema/context
    http://www.springframework.org/schema/context/spring-context-3.0.xsd">
    
    <bean id="branch" class="com.nucleus3.Branch">
    <property name="branch" value="cs"></property></bean>
    
    <bean id="sub" class="com.nucleus3.Subject1">
    <property name="subId" value="1"/>
    <property name="subName" value="Java"/>
    <property name="b" ref="branch"></property></bean>
    
    <bean id="s2" class="com.nucleus3.Student">
         <property name="stdId" value="102"/>
    <property name="stdName" value="shubhi"/>
    <property name="subject" ref="sub"/></bean>
    
    </beans>
    