<?xml version="1.0" encoding="UTF-8"?>
<beans:beans xmlns="http://www.springframework.org/schema/security"
	xmlns:beans="http://www.springframework.org/schema/beans" 
	xmlns:xsi="http://www.w3.org/2001/XMLSchema-instance"
	xsi:schemaLocation="http://www.springframework.org/schema/beans
	http://www.springframework.org/schema/beans/spring-beans-3.1.xsd
	http://www.springframework.org/schema/security
	http://www.springframework.org/schema/security/spring-security-3.1.xsd">
	
	<beans:import resource="dispatcher-servlet.xml"/>

<http auto-config="true">

<intercept-url pattern="/login" access="IS_AUTHENTICATED_ANONYMOUSLY"/> 
<intercept-url pattern="/user" access="ROLE_USER"/> 
<intercept-url pattern="/new" access="ROLE_USER"/> 
<intercept-url pattern="/delete" access="ROLE_USER"/> 
<intercept-url pattern="/deletesubmit" access="ROLE_USER"/>
<intercept-url pattern="/viewbyid" access="ROLE_USER"/> 
<intercept-url pattern="/update" access="ROLE_USER"/> 
<intercept-url pattern="/updatesubmit" access="ROLE_USER"/> 
<intercept-url pattern="/updatesubmit2" access="ROLE_USER"/> 
<intercept-url pattern="/bothview" access="ROLE_USER"/> 
<intercept-url pattern="/bothviewsubmit" access="ROLE_USER"/> 
<intercept-url pattern="/updatesubmit" access="ROLE_USER"/> 
<intercept-url pattern="/viewall" access="ROLE_USER"/> 
 <intercept-url pattern="/adduser" access="ROLE_ADMIN"/> 
<!--<intercept-url pattern="/addadmin" access="ROLE_ADMIN"/> 
<intercept-url pattern="/addusersubmit" access="ROLE_ADMIN"/> 
<intercept-url pattern="/addadminsubmit" access="ROLE_ADMIN"/>  -->
<intercept-url pattern="/failure" access="IS_AUTHENTICATED_ANONYMOUSLY"/>
<intercept-url pattern="/logout"  access="IS_AUTHENTICATED_ANONYMOUSLY"/>
<intercept-url pattern="/*" access="ROLE_USER,ROLE_ADMIN"></intercept-url>

<!-- <http-basic></http-basic> -->
 <access-denied-handler error-page="/accdenied"/> 
  <form-login login-page="/login" authentication-failure-url="/failure" default-target-url="/defaulttarget" always-use-default-target="true" />  
 <logout logout-success-url="/logout"/>
</http>
 <beans:bean id="password" class="org.springframework.security.crypto.bcrypt.BCryptPasswordEncoder">
  <beans:constructor-arg name="strength" value="11" />
  
  </beans:bean> 
<authentication-manager>
<authentication-provider>  


 
<password-encoder ref="password"></password-encoder> 
  <jdbc-user-service data-source-ref="ds" 
 users-by-username-query="select s_user ,s_password,s_enabled from surbhi143 where  s_user =?" authorities-by-username-query="select surbhi143. s_user as username,rrrrr.role as authority from surbhi143 inner join rrrrr on surbhi143.role_roleid=rrrrr.roleid where surbhi143. s_user=?"/> 

</authentication-provider>
</authentication-manager>
</beans:beans>