<?xml version="1.0" encoding="UTF-8"?>

<beans:beans xmlns="http://www.springframework.org/schema/security"
	xmlns:beans="http://www.springframework.org/schema/beans" 
	xmlns:xsi="http://www.w3.org/2001/XMLSchema-instance"
	xsi:schemaLocation="http://www.springframework.org/schema/beans
	http://www.springframework.org/schema/beans/spring-beans-3.1.xsd
	http://www.springframework.org/schema/security
	http://www.springframework.org/schema/security/spring-security-3.1.xsd">
	
	<beans:import resource="dispatcher-servlet.xml"/>

<http auto-config="true">
<intercept-url pattern="/login" access="IS_AUTHENTICATED_ANONYMOUSLY"/> 
<intercept-url pattern="/failure" access="IS_AUTHENTICATED_ANONYMOUSLY"/>
<intercept-url pattern="/logout"  access="IS_AUTHENTICATED_ANONYMOUSLY"/>
<intercept-url pattern="/*" access="ROLE_MAKER,ROLE_CHECKER,ROLE_ADMIN"></intercept-url>

<!-- <http-basic></http-basic> -->
 <access-denied-handler error-page="/accdenied"/> 
  <form-login login-page="/login" authentication-failure-url="/failure" default-target-url="/defaulttarget" always-use-default-target="true" />  
 <logout logout-success-url="/logout"/>
</http>
<authentication-manager>
<authentication-provider>  


 <!--  <user-service>
<user name="nucleus" password="nsbt" authorities="ROLE_MAKER"/>
<user name="surbhi" password="surbhi" authorities="ROLE_MAKER"/>
<user name="user" password="user" authorities="ROLE_CHECKER"/> 
</user-service>  -->

 <jdbc-user-service data-source-ref="ds" 
users-by-username-query="select uname,password,enable from usertable143 where uname=?" authorities-by-username-query="select uname,authority from autho143 where uname=?"
/>
 



</authentication-provider>
</authentication-manager>
</beans:beans>