<?xml version="1.0" encoding="UTF-8"?>

<beans:beans xmlns="http://www.springframework.org/schema/security"
	xmlns:beans="http://www.springframework.org/schema/beans" 
	xmlns:xsi="http://www.w3.org/2001/XMLSchema-instance"
	xsi:schemaLocation="http://www.springframework.org/schema/beans
	http://www.springframework.org/schema/beans/spring-beans-3.1.xsd
	http://www.springframework.org/schema/security
	http://www.springframework.org/schema/security/spring-security-3.1.xsd">

<http auto-config="true">
<intercept-url pattern="/login" access="IS_AUTHENTICATED_ANONYMOUSLY"/> 
<intercept-url pattern="/failure" access="IS_AUTHENTICATED_ANONYMOUSLY"/>
<intercept-url pattern="/*" access="ROLE_MAKER"></intercept-url>

<!-- <http-basic></http-basic> -->
<access-denied-handler error-page="/accdenied"/>
 <form-login login-page="/login" username-parameter="uname" password-parameter="upassword" authentication-failure-url="/failure" /> 
</http>


<authentication-manager>
<authentication-provider>
<user-service>
<user name="nucleus" password="nsbt" authorities="ROLE_MAKER"/>
<user name="surbhi" password="surbhi" authorities="ROLE_CHECKER"/>
</user-service>
</authentication-provider>
</authentication-manager>
</beans:beans>